"ID","Description","GeneRatio","BgRatio","pvalue","p.adjust","qvalue","geneID","Count"
"GO:0005088","Ras guanyl-nucleotide exchange factor activity","7/62","47/2693",7.4185495220742e-05,0.0106827113117868,0.00976124937115026,"CG43102/Crag/C3G/CG43658/Gapvd1/CG7369/CG34393",7
"GO:0005085","guanyl-nucleotide exchange factor activity","7/62","57/2693",0.00026025829671973,0.0187385973638206,0.0171222563631402,"CG43102/Crag/C3G/CG43658/Gapvd1/CG7369/CG34393",7
"GO:0043565","sequence-specific DNA binding","3/62","10/2693",0.00124317124751898,0.0364158200613365,0.0332746893835312,"trh/sd/mamo",3
"GO:0038023","signaling receptor activity","11/62","171/2693",0.00144955059869049,0.0364158200613365,0.0332746893835312,"clumsy/TrissinR/TyrR/InR/CG32547/boi/CG13579/mAChR-B/ETHR/fz2/fz4",11
"GO:0060089","molecular transducer activity","11/62","171/2693",0.00144955059869049,0.0364158200613365,0.0332746893835312,"clumsy/TrissinR/TyrR/InR/CG32547/boi/CG13579/mAChR-B/ETHR/fz2/fz4",11
"GO:0004888","transmembrane signaling receptor activity","10/62","146/2693",0.00151732583588902,0.0364158200613365,0.0332746893835312,"clumsy/TrissinR/TyrR/InR/CG32547/CG13579/mAChR-B/ETHR/fz2/fz4",10
