"ID","Description","GeneRatio","BgRatio","pvalue","p.adjust","qvalue","geneID","Count"
"GO:0005254","chloride channel activity","1/1","16/2693",0.00594132937244696,0.0459060527292983,0.0147067445814686,"HisCl1",1
"GO:0005253","anion channel activity","1/1","17/2693",0.00631266245822493,0.0459060527292983,0.0147067445814686,"HisCl1",1
"GO:0015108","chloride transmembrane transporter activity","1/1","25/2693",0.00928332714444857,0.0459060527292983,0.0147067445814686,"HisCl1",1
"GO:0022835","transmitter-gated channel activity","1/1","28/2693",0.0103973264017824,0.0459060527292983,0.0147067445814686,"HisCl1",1
"GO:0005230","extracellular ligand-gated ion channel activity","1/1","32/2693",0.0118826587448941,0.0459060527292983,0.0147067445814686,"HisCl1",1
"GO:0015103","inorganic anion transmembrane transporter activity","1/1","34/2693",0.0126253249164501,0.0459060527292983,0.0147067445814686,"HisCl1",1
"GO:0015276","ligand-gated ion channel activity","1/1","43/2693",0.0159673226884516,0.0459060527292983,0.0147067445814686,"HisCl1",1
"GO:0022834","ligand-gated channel activity","1/1","43/2693",0.0159673226884516,0.0459060527292983,0.0147067445814686,"HisCl1",1
"GO:0030594","neurotransmitter receptor activity","1/1","50/2693",0.018566654288897,0.0474481165160702,0.015200769593249,"HisCl1",1
