"ID","Description","GeneRatio","BgRatio","pvalue","p.adjust","qvalue","geneID","Count"
"GO:0017048","Rho GTPase binding","5/46","30/2693",0.000120674751765684,0.0176185137577899,0.0166404131382154,"CG42674/CG43102/RhoGAP18B/Pura/trio",5
"GO:0098772","molecular function regulator","12/46","234/2693",0.000375138223750521,0.0211961782773493,0.0200194618192701,"spri/CG42674/CG43102/pyr/RapGAP1/RhoGAP18B/CG10031/Hk/CCHa1/Pura/trio/RhoGAP15B",12
"GO:0005089","Rho guanyl-nucleotide exchange factor activity","4/46","22/2693",0.000435537909808548,0.0211961782773493,0.0200194618192701,"CG42674/CG43102/Pura/trio",4
"GO:0003676","nucleic acid binding","4/46","27/2693",0.00098155695825774,0.0305321472861554,0.0288371398304712,"Su(z)2/fru/mamo/mbl",4
"GO:0005088","Ras guanyl-nucleotide exchange factor activity","5/46","47/2693",0.00104562148240258,0.0305321472861554,0.0288371398304712,"spri/CG42674/CG43102/Pura/trio",5
"GO:0017016","Ras GTPase binding","7/46","112/2693",0.00248634405457016,0.0477519669593866,0.0451009925860104,"spri/CG42674/CG43102/RhoGAP18B/Pura/btsz/trio",7
"GO:0005085","guanyl-nucleotide exchange factor activity","5/46","57/2693",0.00251269084984576,0.0477519669593866,0.0451009925860104,"spri/CG42674/CG43102/Pura/trio",5
"GO:0031267","small GTPase binding","7/46","113/2693",0.00261654613476091,0.0477519669593866,0.0451009925860104,"spri/CG42674/CG43102/RhoGAP18B/Pura/btsz/trio",7
