"ID","Description","GeneRatio","BgRatio","pvalue","p.adjust","qvalue","geneID","Count"
"GO:0038023","signaling receptor activity","18/95","171/2693",1.74798953184138e-05,0.00166059005524931,0.00151799090923067,"rk/stan/Nlg4/CG31760/nAChRalpha2/CG10738/CG31183/Lgr1/CG12290/TrissinR/CCKLR-17D3/sev/CG32447/Nlg2/Lar/Dscam1/CG34357/et",18
"GO:0060089","molecular transducer activity","18/95","171/2693",1.74798953184138e-05,0.00166059005524931,0.00151799090923067,"rk/stan/Nlg4/CG31760/nAChRalpha2/CG10738/CG31183/Lgr1/CG12290/TrissinR/CCKLR-17D3/sev/CG32447/Nlg2/Lar/Dscam1/CG34357/et",18
"GO:0001653","peptide receptor activity","7/95","27/2693",2.71458311796647e-05,0.0017192359747121,0.0015716007525069,"rk/CG10738/CG31183/Lgr1/TrissinR/CCKLR-17D3/CG34357",7
"GO:0016758","transferase activity, transferring hexosyl groups","11/95","74/2693",3.90175107629043e-05,0.00185333176123795,0.00169418138838926,"brn/Pgant7/Alg3/O-fut2/CG12913/CG33977/xit/PIG-M/Ugt36A1/Pgant3/Ugt36F1",11
"GO:0016757","transferase activity, transferring glycosyl groups","11/95","84/2693",0.00012931335126588,0.00491390734810344,0.00449193746502531,"brn/Pgant7/Alg3/O-fut2/CG12913/CG33977/xit/PIG-M/Ugt36A1/Pgant3/Ugt36F1",11
"GO:0008376","acetylgalactosaminyltransferase activity","4/95","15/2693",0.00147143868079472,0.0407665514762427,0.0372658226791138,"brn/Pgant7/CG12913/Pgant3",4
"GO:0004888","transmembrane signaling receptor activity","13/95","146/2693",0.00150192558070368,0.0407665514762427,0.0372658226791138,"rk/stan/CG31760/nAChRalpha2/Lgr1/CG12290/TrissinR/CCKLR-17D3/sev/CG32447/Lar/Dscam1/et",13
"GO:0009975","cyclase activity","4/95","16/2693",0.00190932554961918,0.0453464818034555,0.0414524625904164,"CG43373/CG10738/CG31183/CG34357",4
